,mean_fit_time,std_fit_time,mean_score_time,std_score_time,param_batch_size,param_lr,param_max_epochs,param_module__activation_fun,param_module__hidden_layers,param_module__num_units,param_optimizer,param_optimizer__momentum,param_optimizer__nesterov,param_optimizer__weight_decay,params,split0_test_score,split1_test_score,split2_test_score,split3_test_score,split4_test_score,split5_test_score,split6_test_score,split7_test_score,split8_test_score,split9_test_score,mean_test_score,std_test_score,rank_test_score
22,27.719214510917663,9.223067748996291,0.009408903121948243,0.01548529952586865,1227,0.006878206723193037,1000,tanh,2,102,<class 'torch.optim.sgd.SGD'>,0.9,True,0.001,"{'batch_size': 1227, 'lr': 0.006878206723193037, 'max_epochs': 1000, 'module__activation_fun': 'tanh', 'module__hidden_layers': 2, 'module__num_units': 102, 'optimizer': <class 'torch.optim.sgd.SGD'>, 'optimizer__momentum': 0.9, 'optimizer__nesterov': True, 'optimizer__weight_decay': 0.001}",0.9551018329086987,0.9828466531452159,0.8793555560069721,0.8575452777732738,0.8289465767960248,0.8483532928549273,0.8841895351437958,0.965212258084705,0.8218963444521128,1.019919931177239,0.9043367258342965,0.0668130646952206,1
28,18.19585566520691,7.174137054248885,0.008894515037536622,0.015738181304498583,662,0.07495902597035271,1000,sigmoid,1,112,<class 'torch.optim.sgd.SGD'>,0.9,False,0.0001,"{'batch_size': 662, 'lr': 0.07495902597035271, 'max_epochs': 1000, 'module__activation_fun': 'sigmoid', 'module__hidden_layers': 1, 'module__num_units': 112, 'optimizer': <class 'torch.optim.sgd.SGD'>, 'optimizer__momentum': 0.9, 'optimizer__nesterov': False, 'optimizer__weight_decay': 0.0001}",0.9686904048836099,0.9540033062719682,0.8892146252275352,0.812757850834649,0.8321143891464293,0.8312944106210736,0.8992378994017477,0.9193087648917289,0.8048993611124023,1.012715652841458,0.8924236665232602,0.06799964022403485,2
46,28.24394679069519,10.114720559137982,0.0034332513809204102,0.0008443545992083559,750,0.052956418750290626,1000,sigmoid,2,28,<class 'torch.optim.sgd.SGD'>,0.8,True,0.001,"{'batch_size': 750, 'lr': 0.052956418750290626, 'max_epochs': 1000, 'module__activation_fun': 'sigmoid', 'module__hidden_layers': 2, 'module__num_units': 28, 'optimizer': <class 'torch.optim.sgd.SGD'>, 'optimizer__momentum': 0.8, 'optimizer__nesterov': True, 'optimizer__weight_decay': 0.001}",0.9427692475777278,0.9406113612965172,0.8443971383068155,0.8427842968621302,0.8542559958002449,0.8230470619629544,0.9092623938918518,0.946887668209795,0.8012639691894714,0.9722502069000963,0.8877529339997604,0.05797526196875341,3
37,11.086837267875671,5.360469252555715,0.007912087440490722,0.012871394198565672,412,0.07781762169159073,1000,sigmoid,1,68,<class 'torch.optim.sgd.SGD'>,0.9,False,0.001,"{'batch_size': 412, 'lr': 0.07781762169159073, 'max_epochs': 1000, 'module__activation_fun': 'sigmoid', 'module__hidden_layers': 1, 'module__num_units': 68, 'optimizer': <class 'torch.optim.sgd.SGD'>, 'optimizer__momentum': 0.9, 'optimizer__nesterov': False, 'optimizer__weight_decay': 0.001}",0.9556856625386976,0.9273803752766216,0.8729284981687314,0.8128697984165836,0.8184315113865989,0.810310451917904,0.8852942707707553,0.943923391211887,0.8185626153962953,0.9962360494353011,0.8841622624519377,0.06511786072590482,4
68,16.97669768333435,10.289903322894709,0.003851151466369629,0.0007971553801012736,1118,0.021207825289877025,1000,tanh,1,85,<class 'torch.optim.sgd.SGD'>,0.9,True,0.0001,"{'batch_size': 1118, 'lr': 0.021207825289877025, 'max_epochs': 1000, 'module__activation_fun': 'tanh', 'module__hidden_layers': 1, 'module__num_units': 85, 'optimizer': <class 'torch.optim.sgd.SGD'>, 'optimizer__momentum': 0.9, 'optimizer__nesterov': True, 'optimizer__weight_decay': 0.0001}",0.9434961222368259,0.9512739510168767,0.845713595765972,0.8254115871173766,0.8322983588792177,0.8248686799940129,0.8952596470173514,0.9193465786440514,0.8149731104263387,0.959958577764349,0.8812600208862372,0.05564988684418254,5
80,17.346262335777283,5.44717066102061,0.00944845676422119,0.013866136991410333,745,0.025232536673832073,1000,sigmoid,1,113,<class 'torch.optim.sgd.SGD'>,0.95,True,0.0001,"{'batch_size': 745, 'lr': 0.025232536673832073, 'max_epochs': 1000, 'module__activation_fun': 'sigmoid', 'module__hidden_layers': 1, 'module__num_units': 113, 'optimizer': <class 'torch.optim.sgd.SGD'>, 'optimizer__momentum': 0.95, 'optimizer__nesterov': True, 'optimizer__weight_decay': 0.0001}",0.9305711343463139,0.9013362234443576,0.8463435691251753,0.8140632789110135,0.8373108555082822,0.8114954981316694,0.9103312584883649,0.9137891050631898,0.8025067389357777,0.9295432316588316,0.8697290893612977,0.049472033052369635,6
11,30.23005723953247,9.314095722612892,0.0035200119018554688,0.0007596666726648004,368,0.03310147617817082,1000,sigmoid,1,42,<class 'torch.optim.sgd.SGD'>,0.8,True,0.0001,"{'batch_size': 368, 'lr': 0.03310147617817082, 'max_epochs': 1000, 'module__activation_fun': 'sigmoid', 'module__hidden_layers': 1, 'module__num_units': 42, 'optimizer': <class 'torch.optim.sgd.SGD'>, 'optimizer__momentum': 0.8, 'optimizer__nesterov': True, 'optimizer__weight_decay': 0.0001}",0.911956686462783,0.933882368059393,0.8463673943358564,0.8308309999346983,0.8377766643793518,0.809649128290625,0.8825999834869014,0.8947879272326111,0.802275664293834,0.9269534786620026,0.8677080295138057,0.04600603894144239,7
86,33.32630636692047,6.045705122877743,0.003526759147644043,0.0008718808167854165,1288,0.03150304048875128,1000,sigmoid,1,123,<class 'torch.optim.sgd.SGD'>,0.9,True,0.001,"{'batch_size': 1288, 'lr': 0.03150304048875128, 'max_epochs': 1000, 'module__activation_fun': 'sigmoid', 'module__hidden_layers': 1, 'module__num_units': 123, 'optimizer': <class 'torch.optim.sgd.SGD'>, 'optimizer__momentum': 0.9, 'optimizer__nesterov': True, 'optimizer__weight_decay': 0.001}",0.9090358879598183,0.9204690896066582,0.8420772748900652,0.787564359940729,0.828024547610374,0.7900566953300173,0.8520022136471121,0.9163250718036308,0.7983000013773447,0.9451039202662708,0.8588959062432021,0.056407025892546175,8
18,10.156894493103028,3.164556795183447,0.004266023635864258,0.00042062960908199773,921,0.026642900734015075,1000,tanh,2,29,<class 'torch.optim.sgd.SGD'>,0.85,False,0.001,"{'batch_size': 921, 'lr': 0.026642900734015075, 'max_epochs': 1000, 'module__activation_fun': 'tanh', 'module__hidden_layers': 2, 'module__num_units': 29, 'optimizer': <class 'torch.optim.sgd.SGD'>, 'optimizer__momentum': 0.85, 'optimizer__nesterov': False, 'optimizer__weight_decay': 0.001}",0.9471495630597346,0.9676219610590945,0.7996732850225398,0.814592579932693,0.7813979950981678,0.8088448369247992,0.8446079193661268,0.8680257274779967,0.7949362717550075,0.9155486781220334,0.8542398817818192,0.06400178768428787,9
66,23.725124835968018,7.412583462876346,0.008625197410583495,0.013928558620837956,826,0.004765647720674094,1000,tanh,2,97,<class 'torch.optim.sgd.SGD'>,0.9,True,0.01,"{'batch_size': 826, 'lr': 0.004765647720674094, 'max_epochs': 1000, 'module__activation_fun': 'tanh', 'module__hidden_layers': 2, 'module__num_units': 97, 'optimizer': <class 'torch.optim.sgd.SGD'>, 'optimizer__momentum': 0.9, 'optimizer__nesterov': True, 'optimizer__weight_decay': 0.01}",0.9024362929767673,0.9115488473044525,0.8140932406809391,0.8083094000371879,0.7974021390459003,0.7932327949969353,0.846507574013295,0.9262347659792689,0.7842897307289215,0.9551933176962402,0.8539248103459908,0.060504252952004504,10
31,6.761267876625061,2.443770781498246,0.009008216857910156,0.015732618473174885,824,0.03371557534372706,1000,tanh,2,18,<class 'torch.optim.sgd.SGD'>,0.8,False,0.01,"{'batch_size': 824, 'lr': 0.03371557534372706, 'max_epochs': 1000, 'module__activation_fun': 'tanh', 'module__hidden_layers': 2, 'module__num_units': 18, 'optimizer': <class 'torch.optim.sgd.SGD'>, 'optimizer__momentum': 0.8, 'optimizer__nesterov': False, 'optimizer__weight_decay': 0.01}",0.9250267166818,0.9387266371980806,0.8475036204952624,0.7881885747020044,0.8101422419154484,0.7744673498393303,0.8897842037786026,0.9113174750428311,0.793271085260194,0.8598945106174855,0.853832241553104,0.057562102691771935,11
26,4.835633420944214,1.0176163443810526,0.013767409324645995,0.02073642920981395,176,0.02890079704388021,1000,tanh,1,21,<class 'torch.optim.sgd.SGD'>,0.85,True,0.0001,"{'batch_size': 176, 'lr': 0.02890079704388021, 'max_epochs': 1000, 'module__activation_fun': 'tanh', 'module__hidden_layers': 1, 'module__num_units': 21, 'optimizer': <class 'torch.optim.sgd.SGD'>, 'optimizer__momentum': 0.85, 'optimizer__nesterov': True, 'optimizer__weight_decay': 0.0001}",0.8844107449089041,0.9411066063097532,0.8204153574519256,0.8060777286411861,0.7774641334276511,0.7993133304644932,0.8597434051653315,0.9332400052157485,0.7727883258155949,0.8948497644246062,0.8489409401825194,0.059249709549793535,12
61,36.040948438644406,10.69333231251657,0.008431696891784668,0.011888703348124566,405,0.003487218313693563,1000,relu,2,127,<class 'torch.optim.sgd.SGD'>,0.8,False,0.0001,"{'batch_size': 405, 'lr': 0.003487218313693563, 'max_epochs': 1000, 'module__activation_fun': 'relu', 'module__hidden_layers': 2, 'module__num_units': 127, 'optimizer': <class 'torch.optim.sgd.SGD'>, 'optimizer__momentum': 0.8, 'optimizer__nesterov': False, 'optimizer__weight_decay': 0.0001}",0.9136301767291569,0.8681087066834792,0.8312490194670606,0.8026675278673935,0.8224446456687347,0.7493529334724888,0.8294295569276672,0.8701440068731093,0.7980572699384716,0.9307687572913018,0.8415852600918864,0.052153908209152944,13
59,12.82864053249359,2.038148198575309,0.009237313270568847,0.015190346732154227,1177,0.09039212337465848,1000,tanh,1,14,<class 'torch.optim.sgd.SGD'>,0.8,False,0.01,"{'batch_size': 1177, 'lr': 0.09039212337465848, 'max_epochs': 1000, 'module__activation_fun': 'tanh', 'module__hidden_layers': 1, 'module__num_units': 14, 'optimizer': <class 'torch.optim.sgd.SGD'>, 'optimizer__momentum': 0.8, 'optimizer__nesterov': False, 'optimizer__weight_decay': 0.01}",0.9109788984436077,0.9292744345578955,0.8173895318064679,0.7617713689691795,0.8129995731148039,0.7687485353713209,0.8119755963378826,0.8564215789696188,0.7672035379574303,0.9196245569577458,0.8356387612485954,0.06160267958225471,14
53,15.894563961029053,5.508936325644729,0.019222140312194824,0.023435307488740974,61,0.010555681062539813,1000,relu,1,101,<class 'torch.optim.sgd.SGD'>,0.8,True,0.01,"{'batch_size': 61, 'lr': 0.010555681062539813, 'max_epochs': 1000, 'module__activation_fun': 'relu', 'module__hidden_layers': 1, 'module__num_units': 101, 'optimizer': <class 'torch.optim.sgd.SGD'>, 'optimizer__momentum': 0.8, 'optimizer__nesterov': True, 'optimizer__weight_decay': 0.01}",0.8537067772648153,0.8277797554394785,0.8060588299844438,0.7732210958965494,0.7747913456758999,0.7226620016583365,0.7880651110352264,0.865084629715924,0.793528165579104,0.8667087362734521,0.807160644852323,0.044027532853160106,15
73,11.947319746017456,3.3893193603235163,0.0037387609481811523,0.0007226920770441534,1060,0.07139954816329953,1000,tanh,1,54,<class 'torch.optim.sgd.SGD'>,0.8,False,0.0001,"{'batch_size': 1060, 'lr': 0.07139954816329953, 'max_epochs': 1000, 'module__activation_fun': 'tanh', 'module__hidden_layers': 1, 'module__num_units': 54, 'optimizer': <class 'torch.optim.sgd.SGD'>, 'optimizer__momentum': 0.8, 'optimizer__nesterov': False, 'optimizer__weight_decay': 0.0001}",0.8289399756890184,0.8561968871984557,0.8302890941463863,0.7346315826959111,0.7727903808001066,0.6641851380282804,0.8162602285448354,0.947179588481599,0.6848908916964482,0.9204927181032766,0.8055856485384318,0.08817876454707012,16
38,6.827570962905884,4.776909809888623,0.009540820121765136,0.015357204798623991,423,0.013803470807427443,1000,sigmoid,2,54,<class 'torch.optim.sgd.SGD'>,0.95,True,0.01,"{'batch_size': 423, 'lr': 0.013803470807427443, 'max_epochs': 1000, 'module__activation_fun': 'sigmoid', 'module__hidden_layers': 2, 'module__num_units': 54, 'optimizer': <class 'torch.optim.sgd.SGD'>, 'optimizer__momentum': 0.95, 'optimizer__nesterov': True, 'optimizer__weight_decay': 0.01}",0.8482443724010343,0.8533532743162927,0.7732338852863428,0.732076936948338,0.7706662793238398,0.7247688774737895,0.7395071378786524,0.8200114974797562,0.7475119359642961,0.8688685552974241,0.7878242752369766,0.05205716679192292,17
96,7.690183711051941,1.1798885227868894,0.004236245155334472,0.0007939452769774318,577,0.04759760473601588,1000,sigmoid,2,96,<class 'torch.optim.sgd.SGD'>,0.85,False,0.01,"{'batch_size': 577, 'lr': 0.04759760473601588, 'max_epochs': 1000, 'module__activation_fun': 'sigmoid', 'module__hidden_layers': 2, 'module__num_units': 96, 'optimizer': <class 'torch.optim.sgd.SGD'>, 'optimizer__momentum': 0.85, 'optimizer__nesterov': False, 'optimizer__weight_decay': 0.01}",0.8256735570915391,0.8306576187993001,0.7580782072779743,0.7067515522572806,0.758415128413905,0.7218923898933349,0.718427294503068,0.8245252674960364,0.7290764215632565,0.880274056540148,0.7753771493835843,0.05705142993105396,18
82,21.122012662887574,3.459549969191258,0.0036069393157958985,0.0007891326375960298,844,0.04373752728141719,1000,sigmoid,1,45,<class 'torch.optim.sgd.SGD'>,0.85,True,0.01,"{'batch_size': 844, 'lr': 0.04373752728141719, 'max_epochs': 1000, 'module__activation_fun': 'sigmoid', 'module__hidden_layers': 1, 'module__num_units': 45, 'optimizer': <class 'torch.optim.sgd.SGD'>, 'optimizer__momentum': 0.85, 'optimizer__nesterov': True, 'optimizer__weight_decay': 0.01}",0.8253312290145557,0.8363314486274445,0.7519059180099831,0.7162481914375465,0.7428185365206494,0.7125117001544914,0.7478469121800542,0.8132777988891392,0.7183795066400509,0.8314171987805218,0.7696068440254437,0.04849816943482855,19
13,43.387840557098386,3.620943507308727,0.004139924049377441,0.0008404252238307013,1322,0.028227815478903406,1000,sigmoid,2,99,<class 'torch.optim.sgd.SGD'>,0.8,True,0.01,"{'batch_size': 1322, 'lr': 0.028227815478903406, 'max_epochs': 1000, 'module__activation_fun': 'sigmoid', 'module__hidden_layers': 2, 'module__num_units': 99, 'optimizer': <class 'torch.optim.sgd.SGD'>, 'optimizer__momentum': 0.8, 'optimizer__nesterov': True, 'optimizer__weight_decay': 0.01}",0.8311906643397948,0.8396071681213627,0.756338389947697,0.7003904023286704,0.7531692375013544,0.7027748757643895,0.7230119810503676,0.808556855329456,0.7115271313551316,0.8441540014769132,0.7670720707215138,0.05563340044424146,20
32,41.319406270980835,3.5814912400658048,0.009131789207458496,0.015204365251685911,535,0.0021187863230487823,1000,relu,1,68,<class 'torch.optim.sgd.SGD'>,0.8,False,0.01,"{'batch_size': 535, 'lr': 0.0021187863230487823, 'max_epochs': 1000, 'module__activation_fun': 'relu', 'module__hidden_layers': 1, 'module__num_units': 68, 'optimizer': <class 'torch.optim.sgd.SGD'>, 'optimizer__momentum': 0.8, 'optimizer__nesterov': False, 'optimizer__weight_decay': 0.01}",0.8085335775666893,0.808624504812048,0.7516052984763055,0.7135230379884375,0.7440604077434327,0.6973070602203492,0.7292331921670776,0.8446841783964529,0.7165953906619892,0.8250714885609131,0.7639238136593696,0.050216737313917036,21
55,8.488367819786072,3.8015352344033086,0.008619189262390137,0.015674611653808113,525,0.02388213356411444,1000,tanh,1,21,<class 'torch.optim.sgd.SGD'>,0.95,False,0.001,"{'batch_size': 525, 'lr': 0.02388213356411444, 'max_epochs': 1000, 'module__activation_fun': 'tanh', 'module__hidden_layers': 1, 'module__num_units': 21, 'optimizer': <class 'torch.optim.sgd.SGD'>, 'optimizer__momentum': 0.95, 'optimizer__nesterov': False, 'optimizer__weight_decay': 0.001}",0.6777796986004644,0.9504386597420981,0.7832483428508973,0.6148959333955778,0.7571160072005344,0.7840392419128699,0.7127482902573951,0.8431978426659434,0.6785873073548074,0.7721571767845598,0.7574208500765147,0.09004046183186944,22
21,27.276288795471192,4.592674368802233,0.0042973518371582035,0.0009140587131131768,670,0.002674943427580667,1000,relu,2,113,<class 'torch.optim.sgd.SGD'>,0.8,False,0.1,"{'batch_size': 670, 'lr': 0.002674943427580667, 'max_epochs': 1000, 'module__activation_fun': 'relu', 'module__hidden_layers': 2, 'module__num_units': 113, 'optimizer': <class 'torch.optim.sgd.SGD'>, 'optimizer__momentum': 0.8, 'optimizer__nesterov': False, 'optimizer__weight_decay': 0.1}",0.798095607311905,0.7920608247416375,0.7474072937733858,0.7060706082592858,0.7224914734003638,0.6927949803416872,0.7157303429642284,0.8268324687266758,0.7071056707170922,0.834144080145067,0.7542733350381328,0.05085579686065188,23
41,37.460691046714786,3.168416945217944,0.003099870681762695,0.0006372313303842937,1088,0.01131359144976225,1000,sigmoid,1,47,<class 'torch.optim.sgd.SGD'>,0.8,False,0.001,"{'batch_size': 1088, 'lr': 0.01131359144976225, 'max_epochs': 1000, 'module__activation_fun': 'sigmoid', 'module__hidden_layers': 1, 'module__num_units': 47, 'optimizer': <class 'torch.optim.sgd.SGD'>, 'optimizer__momentum': 0.8, 'optimizer__nesterov': False, 'optimizer__weight_decay': 0.001}",0.7891565432180043,0.8223061072494396,0.7377789661196448,0.6832681711813744,0.7401825922143197,0.6861214084943443,0.7006241748945051,0.8095505753304049,0.6799049310992492,0.8177494207115115,0.7466642890512798,0.05560308513019194,24
24,7.426685190200805,3.232470873456853,0.0131239652633667,0.020311686411941688,791,0.009149883039021211,1000,relu,2,8,<class 'torch.optim.sgd.SGD'>,0.8,False,0.1,"{'batch_size': 791, 'lr': 0.009149883039021211, 'max_epochs': 1000, 'module__activation_fun': 'relu', 'module__hidden_layers': 2, 'module__num_units': 8, 'optimizer': <class 'torch.optim.sgd.SGD'>, 'optimizer__momentum': 0.8, 'optimizer__nesterov': False, 'optimizer__weight_decay': 0.1}",0.7658416913456718,0.7087506473436639,0.7336005759326593,0.6491970108769022,0.7123487320107602,0.6627370313365525,0.6689003041136694,0.7430393173000127,0.6888540905026984,0.7029314413769422,0.7036200842139533,0.035332722848242674,25
58,3.5202257871627807,1.4792024661388155,0.014899563789367676,0.020742797654322714,61,0.037707577664514616,1000,tanh,1,101,<class 'torch.optim.sgd.SGD'>,0.85,False,0.0001,"{'batch_size': 61, 'lr': 0.037707577664514616, 'max_epochs': 1000, 'module__activation_fun': 'tanh', 'module__hidden_layers': 1, 'module__num_units': 101, 'optimizer': <class 'torch.optim.sgd.SGD'>, 'optimizer__momentum': 0.85, 'optimizer__nesterov': False, 'optimizer__weight_decay': 0.0001}",0.7192676165110994,0.7233082298449409,0.5339389824709564,0.753970437322798,0.7101755030063754,0.5417834704454972,0.8180847517827687,0.6459947795251915,0.7898398271541517,0.7439105836025394,0.6980274181666318,0.09130202128346518,26
88,2.8674230575561523,0.7474891620075333,0.004242563247680664,0.0007991443606008072,229,0.09430496579833175,1000,sigmoid,2,53,<class 'torch.optim.sgd.SGD'>,0.9,False,0.01,"{'batch_size': 229, 'lr': 0.09430496579833175, 'max_epochs': 1000, 'module__activation_fun': 'sigmoid', 'module__hidden_layers': 2, 'module__num_units': 53, 'optimizer': <class 'torch.optim.sgd.SGD'>, 'optimizer__momentum': 0.9, 'optimizer__nesterov': False, 'optimizer__weight_decay': 0.01}",0.820590544451403,0.7721219123272869,0.6728568958056942,0.7140203031973317,0.5559956481141359,0.6744141517920197,0.6599955338309862,0.6221406892668281,0.6966773092055728,0.7745349830635795,0.6963347971054837,0.07427210248781464,27
57,3.791969728469849,2.0705595323814907,0.0035031318664550783,0.0009395405799395071,191,0.09079451490051878,1000,sigmoid,2,10,<class 'torch.optim.sgd.SGD'>,0.9,False,0.01,"{'batch_size': 191, 'lr': 0.09079451490051878, 'max_epochs': 1000, 'module__activation_fun': 'sigmoid', 'module__hidden_layers': 2, 'module__num_units': 10, 'optimizer': <class 'torch.optim.sgd.SGD'>, 'optimizer__momentum': 0.9, 'optimizer__nesterov': False, 'optimizer__weight_decay': 0.01}",0.6749721158703081,0.7444057083477827,0.7333922261500612,0.568740338732454,0.7093757250729871,0.6663315416221203,0.7298813445641846,0.711962559291636,0.7165660439063359,0.5947892169521003,0.685041682050997,0.056838453683036,28
36,27.266117906570436,7.872159767705081,0.003546619415283203,0.0008468837899212666,1214,0.005603245715379979,1000,tanh,2,9,<class 'torch.optim.sgd.SGD'>,0.8,False,0.1,"{'batch_size': 1214, 'lr': 0.005603245715379979, 'max_epochs': 1000, 'module__activation_fun': 'tanh', 'module__hidden_layers': 2, 'module__num_units': 9, 'optimizer': <class 'torch.optim.sgd.SGD'>, 'optimizer__momentum': 0.8, 'optimizer__nesterov': False, 'optimizer__weight_decay': 0.1}",0.6669259957235478,0.6629840215876106,0.6405506047670718,0.5954806926337814,0.6800979617719803,0.5962428793841533,0.6356445159011618,0.6790590777229262,0.6272785813542316,0.6763172534255776,0.6460581584272043,0.030686193766296388,29
5,40.276287245750424,2.1168152473871324,0.003734302520751953,0.0008913204062832617,958,0.0002193787398431345,1000,tanh,1,98,<class 'torch.optim.sgd.SGD'>,0.95,True,0.01,"{'batch_size': 958, 'lr': 0.0002193787398431345, 'max_epochs': 1000, 'module__activation_fun': 'tanh', 'module__hidden_layers': 1, 'module__num_units': 98, 'optimizer': <class 'torch.optim.sgd.SGD'>, 'optimizer__momentum': 0.95, 'optimizer__nesterov': True, 'optimizer__weight_decay': 0.01}",0.6660253254086402,0.704088661507218,0.6380861289379222,0.5771293488539266,0.6507092780604653,0.6101550284472149,0.6304994872967451,0.6686586438297738,0.5932823020840177,0.6826164771750394,0.6421250681600963,0.038225112981212284,30
74,3.7168219089508057,2.6223736568015834,0.008372211456298828,0.01581306093123496,835,0.02151813675152332,1000,tanh,1,71,<class 'torch.optim.sgd.SGD'>,0.95,False,0.1,"{'batch_size': 835, 'lr': 0.02151813675152332, 'max_epochs': 1000, 'module__activation_fun': 'tanh', 'module__hidden_layers': 1, 'module__num_units': 71, 'optimizer': <class 'torch.optim.sgd.SGD'>, 'optimizer__momentum': 0.95, 'optimizer__nesterov': False, 'optimizer__weight_decay': 0.1}",0.6489265498112211,0.6696433225598519,0.6221299872248315,0.5515648800180452,0.6611375019468511,0.6014498228629928,0.630280818789992,0.678638107221662,0.588757307632458,0.6055052009189348,0.625803349898684,0.037972423637906115,31
2,5.417646479606629,2.317695168778025,0.009203743934631348,0.014990316496588931,844,0.0733783205951654,1000,sigmoid,2,29,<class 'torch.optim.sgd.SGD'>,0.95,True,0.0001,"{'batch_size': 844, 'lr': 0.0733783205951654, 'max_epochs': 1000, 'module__activation_fun': 'sigmoid', 'module__hidden_layers': 2, 'module__num_units': 29, 'optimizer': <class 'torch.optim.sgd.SGD'>, 'optimizer__momentum': 0.95, 'optimizer__nesterov': True, 'optimizer__weight_decay': 0.0001}",0.13660973308621807,0.8018698726409645,0.8476683159136219,0.7810591372388671,0.2493938779514961,0.6758179428763311,0.36205569194347437,0.8104432674449433,0.7996931165598753,0.7378548228071264,0.6202465778462918,0.2517862030558248,32
81,3.751508116722107,1.3537838153174342,0.0038173675537109377,0.0008616113616670303,192,0.061296991871865054,1000,sigmoid,2,70,<class 'torch.optim.sgd.SGD'>,0.95,False,0.01,"{'batch_size': 192, 'lr': 0.061296991871865054, 'max_epochs': 1000, 'module__activation_fun': 'sigmoid', 'module__hidden_layers': 2, 'module__num_units': 70, 'optimizer': <class 'torch.optim.sgd.SGD'>, 'optimizer__momentum': 0.95, 'optimizer__nesterov': False, 'optimizer__weight_decay': 0.01}",0.13787161632073877,0.7965440777035471,0.6196918653582784,0.6023740861775059,0.7013957433426704,0.6791331352857886,0.732067542258414,0.8334908386496309,0.13551067910323508,0.8513380616227456,0.6089417645822554,0.24883934165590477,33
95,4.444788837432862,1.0528314459585595,0.004001450538635254,0.0008129623619477854,521,0.047133356344390025,1000,sigmoid,2,55,<class 'torch.optim.sgd.SGD'>,0.95,True,0.1,"{'batch_size': 521, 'lr': 0.047133356344390025, 'max_epochs': 1000, 'module__activation_fun': 'sigmoid', 'module__hidden_layers': 2, 'module__num_units': 55, 'optimizer': <class 'torch.optim.sgd.SGD'>, 'optimizer__momentum': 0.95, 'optimizer__nesterov': True, 'optimizer__weight_decay': 0.1}",0.6261816170444131,0.6252951948754292,0.5827307180343272,0.5252064108100157,0.5833284855523263,0.5398662631749769,0.505123817081295,0.5798094587607101,0.5083651800942249,0.5735856988853365,0.5649492844313055,0.04162921531979695,34
15,3.3569031238555906,1.3544307619748268,0.013822126388549804,0.02022303286034564,348,0.031235706796858442,1000,sigmoid,2,22,<class 'torch.optim.sgd.SGD'>,0.95,False,0.1,"{'batch_size': 348, 'lr': 0.031235706796858442, 'max_epochs': 1000, 'module__activation_fun': 'sigmoid', 'module__hidden_layers': 2, 'module__num_units': 22, 'optimizer': <class 'torch.optim.sgd.SGD'>, 'optimizer__momentum': 0.95, 'optimizer__nesterov': False, 'optimizer__weight_decay': 0.1}",0.5809200998775511,0.5774687604875595,0.5408754314320752,0.4968939767769904,0.578829586188755,0.5138497695739683,0.5384559442856737,0.5026776276455456,0.5700301688935393,0.5400354591594204,0.5440036824321078,0.03043959703552357,35
39,2.5165698766708373,0.6155841409364522,0.013483047485351562,0.020819807293202527,376,0.030784924388700088,1000,sigmoid,1,56,<class 'torch.optim.sgd.SGD'>,0.95,False,0.1,"{'batch_size': 376, 'lr': 0.030784924388700088, 'max_epochs': 1000, 'module__activation_fun': 'sigmoid', 'module__hidden_layers': 1, 'module__num_units': 56, 'optimizer': <class 'torch.optim.sgd.SGD'>, 'optimizer__momentum': 0.95, 'optimizer__nesterov': False, 'optimizer__weight_decay': 0.1}",0.552024385804221,0.5626372049507058,0.5291670757946209,0.4736143890528634,0.5546904659167757,0.5080496652395641,0.5157410235017054,0.5449938859283993,0.5356407103622935,0.536677172483984,0.5313235979035132,0.025117217327218094,36
84,10.119311237335205,1.5296864065502913,0.008854246139526368,0.015740454607132377,756,0.007157135771418611,1000,sigmoid,1,72,<class 'torch.optim.sgd.SGD'>,0.85,True,0.1,"{'batch_size': 756, 'lr': 0.007157135771418611, 'max_epochs': 1000, 'module__activation_fun': 'sigmoid', 'module__hidden_layers': 1, 'module__num_units': 72, 'optimizer': <class 'torch.optim.sgd.SGD'>, 'optimizer__momentum': 0.85, 'optimizer__nesterov': True, 'optimizer__weight_decay': 0.1}",0.5440281710297983,0.5550244953499474,0.5226588591345205,0.46856903090106616,0.5477453609692056,0.4993373723286685,0.5110246536426755,0.5364893910789009,0.5257458585382113,0.5233188030923326,0.5233941996065327,0.024360443190771068,37
33,3.1137805223464965,0.8717753503669672,0.008905434608459472,0.015618688910391636,1020,0.03329618203499971,1000,tanh,1,41,<class 'torch.optim.sgd.SGD'>,0.95,False,0.1,"{'batch_size': 1020, 'lr': 0.03329618203499971, 'max_epochs': 1000, 'module__activation_fun': 'tanh', 'module__hidden_layers': 1, 'module__num_units': 41, 'optimizer': <class 'torch.optim.sgd.SGD'>, 'optimizer__momentum': 0.95, 'optimizer__nesterov': False, 'optimizer__weight_decay': 0.1}",0.42756273596368854,0.5986866669606679,0.6368770402392236,0.4863164658775956,0.6057001465383622,0.5540831523733127,0.43452530341490236,0.25699457724569225,0.4961167548760529,0.6512816558937498,0.5148144499383248,0.11491361893625752,38
77,2.097894072532654,0.6138014580443838,0.009220194816589356,0.01564964236826177,851,0.03238883359200472,1000,sigmoid,1,114,<class 'torch.optim.sgd.SGD'>,0.9,True,0.1,"{'batch_size': 851, 'lr': 0.03238883359200472, 'max_epochs': 1000, 'module__activation_fun': 'sigmoid', 'module__hidden_layers': 1, 'module__num_units': 114, 'optimizer': <class 'torch.optim.sgd.SGD'>, 'optimizer__momentum': 0.9, 'optimizer__nesterov': True, 'optimizer__weight_decay': 0.1}",0.5377008000778697,0.5466148613507978,0.516844429149406,0.4662701733472571,0.5381724864476679,0.4908496285135316,0.5001433814523233,0.5347477270445181,0.5148366171941002,0.5018651037991517,0.5148045208376624,0.024074655111166413,39
56,1.824832558631897,0.4065892341106601,0.003689885139465332,0.0009339575429969912,325,0.08161192627896259,1000,sigmoid,1,98,<class 'torch.optim.sgd.SGD'>,0.9,False,0.1,"{'batch_size': 325, 'lr': 0.08161192627896259, 'max_epochs': 1000, 'module__activation_fun': 'sigmoid', 'module__hidden_layers': 1, 'module__num_units': 98, 'optimizer': <class 'torch.optim.sgd.SGD'>, 'optimizer__momentum': 0.9, 'optimizer__nesterov': False, 'optimizer__weight_decay': 0.1}",0.5380822675930471,0.5464230256973095,0.5171998300422236,0.4588272226195615,0.5344174407789295,0.48553290577806457,0.50409162218252,0.5090648357716899,0.515194464444508,0.5121782140283636,0.5121011828936217,0.024502963509949002,40
98,2.4267223358154295,0.7061963437838678,0.013597655296325683,0.020309506905782884,736,0.047463801690961656,1000,sigmoid,2,56,<class 'torch.optim.sgd.SGD'>,0.85,True,0.1,"{'batch_size': 736, 'lr': 0.047463801690961656, 'max_epochs': 1000, 'module__activation_fun': 'sigmoid', 'module__hidden_layers': 2, 'module__num_units': 56, 'optimizer': <class 'torch.optim.sgd.SGD'>, 'optimizer__momentum': 0.85, 'optimizer__nesterov': True, 'optimizer__weight_decay': 0.1}",0.3697467439247443,0.4015824991132904,0.37038659490571163,0.36791329428676733,0.42751531759700523,0.3959759799161747,0.40860358364731103,0.3985499857155338,0.447338445002341,0.5018021693830046,0.40894146134918846,0.039343101860733386,41
17,3.0591227293014525,4.2475065030333905,0.0032926082611083986,0.0008333914376448072,1152,0.01431653883697206,1000,relu,1,45,<class 'torch.optim.sgd.SGD'>,0.8,False,1,"{'batch_size': 1152, 'lr': 0.01431653883697206, 'max_epochs': 1000, 'module__activation_fun': 'relu', 'module__hidden_layers': 1, 'module__num_units': 45, 'optimizer': <class 'torch.optim.sgd.SGD'>, 'optimizer__momentum': 0.8, 'optimizer__nesterov': False, 'optimizer__weight_decay': 1}",0.3913044795195937,0.3932283234197086,0.4011574260324482,0.3547565776759403,0.41609911959953816,0.38277807883486925,0.3532803127003003,0.4308120135140354,0.3835585974703085,0.4106069068956945,0.3917581835662437,0.023582219927682804,42
40,4.266513967514038,2.1164652336415077,0.01434338092803955,0.02067955420817094,412,0.08266510055719577,1000,tanh,2,47,<class 'torch.optim.sgd.SGD'>,0.8,False,0.001,"{'batch_size': 412, 'lr': 0.08266510055719577, 'max_epochs': 1000, 'module__activation_fun': 'tanh', 'module__hidden_layers': 2, 'module__num_units': 47, 'optimizer': <class 'torch.optim.sgd.SGD'>, 'optimizer__momentum': 0.8, 'optimizer__nesterov': False, 'optimizer__weight_decay': 0.001}",0.29908376590868124,0.39352098045885653,0.45825939951586614,0.23584669686038873,0.25481977075663337,0.27509843083946633,0.4136373538885634,0.6012050939363016,0.6045400020176078,0.320226629023971,0.3856238123206336,0.1280809713307247,43
51,1.5468764066696168,0.5155725274919059,0.00898306369781494,0.015006856360364145,912,0.0055257595353084285,1000,relu,1,99,<class 'torch.optim.sgd.SGD'>,0.95,True,1,"{'batch_size': 912, 'lr': 0.0055257595353084285, 'max_epochs': 1000, 'module__activation_fun': 'relu', 'module__hidden_layers': 1, 'module__num_units': 99, 'optimizer': <class 'torch.optim.sgd.SGD'>, 'optimizer__momentum': 0.95, 'optimizer__nesterov': True, 'optimizer__weight_decay': 1}",0.3937345669619454,0.3891744885343268,0.3905222281030591,0.36207310134644094,0.38676726271712353,0.3721263200042029,0.3420913166551611,0.41088785042448867,0.3835773931583927,0.421148478928768,0.3852103006833909,0.02153680926942897,44
30,2.584500551223755,0.8518127479373335,0.008933424949645996,0.01705511181993381,1008,0.06453244284300687,1000,tanh,1,47,<class 'torch.optim.sgd.SGD'>,0.9,False,0.1,"{'batch_size': 1008, 'lr': 0.06453244284300687, 'max_epochs': 1000, 'module__activation_fun': 'tanh', 'module__hidden_layers': 1, 'module__num_units': 47, 'optimizer': <class 'torch.optim.sgd.SGD'>, 'optimizer__momentum': 0.9, 'optimizer__nesterov': False, 'optimizer__weight_decay': 0.1}",0.3432576413206726,0.5136595953152826,0.26355340224881263,0.23424511506287435,0.5028916393928193,0.6082202169568494,0.3419377406529064,0.21423360058811766,0.21937786244348362,0.48493773702977017,0.37263145510115886,0.13652900327768808,45
64,4.552133822441101,1.9204676733489012,0.015405488014221192,0.015348665746167698,62,0.06573841105383416,1000,tanh,1,52,<class 'torch.optim.sgd.SGD'>,0.95,False,0.1,"{'batch_size': 62, 'lr': 0.06573841105383416, 'max_epochs': 1000, 'module__activation_fun': 'tanh', 'module__hidden_layers': 1, 'module__num_units': 52, 'optimizer': <class 'torch.optim.sgd.SGD'>, 'optimizer__momentum': 0.95, 'optimizer__nesterov': False, 'optimizer__weight_decay': 0.1}",0.36254360041669725,0.46900198772313534,0.24063733229643267,0.39081816387462165,0.3740427118768824,0.16999716203480703,0.2609558395206177,0.20237380593441612,0.2596023117198407,0.1375152446900391,0.28674881600874896,0.10196124286466553,46
89,2.173720145225525,0.5619078170100433,0.0033252716064453127,0.0008110926951281289,859,0.00714255479615259,1000,sigmoid,1,47,<class 'torch.optim.sgd.SGD'>,0.95,False,1,"{'batch_size': 859, 'lr': 0.00714255479615259, 'max_epochs': 1000, 'module__activation_fun': 'sigmoid', 'module__hidden_layers': 1, 'module__num_units': 47, 'optimizer': <class 'torch.optim.sgd.SGD'>, 'optimizer__momentum': 0.95, 'optimizer__nesterov': False, 'optimizer__weight_decay': 1}",0.29753767539471626,0.2808381444721925,0.2775945967657525,0.26682511116315244,0.28678057156187525,0.2761218329392244,0.3120029893938543,0.2759675277543624,0.2936484806704034,0.26585695042810575,0.2833173880543639,0.013657821710552439,47
65,2.120500087738037,0.24169759653676876,0.014482688903808594,0.02065325464645269,468,0.05297844912451195,1000,sigmoid,1,40,<class 'torch.optim.sgd.SGD'>,0.95,False,1,"{'batch_size': 468, 'lr': 0.05297844912451195, 'max_epochs': 1000, 'module__activation_fun': 'sigmoid', 'module__hidden_layers': 1, 'module__num_units': 40, 'optimizer': <class 'torch.optim.sgd.SGD'>, 'optimizer__momentum': 0.95, 'optimizer__nesterov': False, 'optimizer__weight_decay': 1}",0.2773385428365375,0.290971446784106,0.2756725675144447,0.27276431523145295,0.28573985736187074,0.28495149190285407,0.28602293816643676,0.27285454532412257,0.3050422020829313,0.25520068710687266,0.28065585943116295,0.012574381238199267,48
94,1.2445441961288453,0.17635426275503346,0.0033676862716674806,0.0008831736979877991,151,0.06423707245654348,1000,sigmoid,1,39,<class 'torch.optim.sgd.SGD'>,0.8,True,1,"{'batch_size': 151, 'lr': 0.06423707245654348, 'max_epochs': 1000, 'module__activation_fun': 'sigmoid', 'module__hidden_layers': 1, 'module__num_units': 39, 'optimizer': <class 'torch.optim.sgd.SGD'>, 'optimizer__momentum': 0.8, 'optimizer__nesterov': True, 'optimizer__weight_decay': 1}",0.25106117738860445,0.26186127374793716,0.24955653560445387,0.24836370204690858,0.2563056701696266,0.25487049794460864,0.25436454685320653,0.24539956731336401,0.26594214719208437,0.2619964817303853,0.25497215999911793,0.006318468177675045,49
42,1.8973997354507446,0.46442124566495974,0.003516077995300293,0.0008318995907541408,560,0.05297129319600231,1000,sigmoid,2,77,<class 'torch.optim.sgd.SGD'>,0.9,False,1,"{'batch_size': 560, 'lr': 0.05297129319600231, 'max_epochs': 1000, 'module__activation_fun': 'sigmoid', 'module__hidden_layers': 2, 'module__num_units': 77, 'optimizer': <class 'torch.optim.sgd.SGD'>, 'optimizer__momentum': 0.9, 'optimizer__nesterov': False, 'optimizer__weight_decay': 1}",0.25636835329721125,0.2526960700317573,0.25191221394020924,0.2451539437428025,0.257021691165482,0.2543960958286315,0.2584257143819283,0.2510907881803294,0.2681108457082523,0.2352206279465176,0.25303963442231214,0.008184232548893767,50
